{
    "done": [
        {
            "projectName": "T410",
            "experimentId": "20230410100710",
            "runId": "20230410100800",
            "task": "Train"
        },
        {
            "projectName": "T410",
            "experimentId": "20230410100710",
            "runId": "20230410100800",
            "task": "Test"
        },
        {
            "projectName": "T410",
            "experimentId": "20230410100710",
            "runId": "20230410101642",
            "task": "Train"
        },
        {
            "projectName": "T410",
            "experimentId": "20230410100710",
            "runId": "20230410101642",
            "task": "Test"
        },
        {
            "projectName": "T410",
            "experimentId": "20230410100710",
            "runId": "20230410102644",
            "task": "Train"
        },
        {
            "projectName": "T410",
            "experimentId": "20230410100710",
            "runId": "20230410102644",
            "task": "Test"
        },
        {
            "projectName": "test",
            "experimentId": "20230410134430",
            "runId": "20230410135305",
            "task": "Train"
        },
        {
            "projectName": "test",
            "experimentId": "20230410134430",
            "runId": "20230410135305",
            "task": "Test"
        }
    ],
    "work": []
}